|Leite de colonia toque de carinho;7896235353300;5,50
7891024134702;7891024134702;3,90
abacaxi;8149490849767;7,00
abobrinha;8166946063935;6,00
abraçadeira de nylon;7899958258334;6,00
abs conttonbaby s abas;7896227650011;3,30
abs mili c8;7896104993897;5,00
abs prot diario;7896227650097;3,30
abs semp livre;7891010503024;3,50
açafrao d 100g joice;070341120446;4,30
acendedor d fugao;7501843501707;16,00
aceptol 200;7898970559436;8,70
acerola;1316877076109;4,00
acetona aline;7897161360059;4,50
achoc marata 400g;7898617582254;8,00
achocola 3 coracoes 400g;7896224803090;8,00
achocolatado 2l;7898403780031;8,50
achocolatado apti;7896327501053;4,00
acido muriatico 1lt;7898943124067;3,80
activia cafe da manha linhaça;7891025117742;6,50
acucar cate;7897261800011;3,00
açucar demerara;7898921848046;5,80
AÇÚCAR DEMERARA;7898365320009;5,80
açúcar forpan;7898921848039;3,50
AÇUCAR MASCAVO;7898926342532;9,70
"açucar olho D&#x27;água";7898994678014;3,30
açucar sofi;7898945261098;3,30
agua azul 500 ml;7898994462613;2,00
agua azul fardo 500 ml;7890844950028;11,50
agua c gas;7894900531008;2,50
agua com gas fd;5624656464747;23,00
agua oxigenada 20;7897161371000;2,20
agua oxigenada aline 40;7897161371024;2,20
agua oxigenada fator 40;7897161353068;2,20
agua oxigenada vol 10;7896902211544;3,20
água sanitária dragão;7896221600012;2,40
aha clear sport;7891150019508;18,50
ALA  sabão em po erva doce;7891150097605;4,40
ala limao bicar;7891150097056;4,40
ala sabao em po coco;7891150097575;4,40
ALA sabão em po lavanda;7891150097544;4,40
ala sabão em po rossas;7891150097568;4,40
alcoll santa cruz70 500ml;7896454300048;6,00
alcool 54;7896454300086;6,00
alcool meu lar 1 lt;7898057833015;7,80
alcool s cruz 1l;7896454300079;9,00
alecrim;070341121085;5,00
alface;1200535970956;4,50
algodao floc;7894488000118;1,50
algodao nevoa;7898952148016;1,50
alho c ervas 200g da vovo;7898351350638;5,50
alho kg;5110048765207;25,00
alho picado 200g;7898295750112;5,50
alho picado sem sal;7898295752260;5,50
alho picado temp d casa200g s sal;7898295752253;5,50
alho por kg;32653498;25,00
alho un;1941168642628;1,50
almondega lata bord;7896031221889;10,00
aluays com abas;7500435127226;3,50
alvejante brilux;7896013105640;4,50
always s abas;7500435127264;3,50
amac ype aconhego 500;7896098900406;3,50
amaciant downy concent;7500435198240;11,99
amaciant sonho azul 500;7896013107613;3,50
amaciant sonho coco 500;7896013103523;3,50
amaciant sonho lavanda 500;7896013100898;3,50
amaciant sonho paixao 500;7896013108207;3,50
amaciant urca lavanda 2l;7896056404014;10,00
amaciant urca maciez 2l;7896056401136;10,00
amaciant ype ternura 500;7896098900413;3,50
amaciante ype aconchego 2l;7896098902400;12,00
amaciante ype ternura 2l;7896098902417;12,00
amendoin natural 100g;7898916924199;2,30
amoniaco aline;7897161371130;2,20
amori banana split;7891152802641;2,70
amori cookies;7891152305913;2,00
ampola  capila;7898658626054;2,00
ampola skafe;7898658621073;2,00
animados waffer 30g;7891152340211;1,30
animados z macaquinho;7891152341751;4,00
animados z quadrado grande;7891152340419;3,20
animados z quadrado morango40g;7891152800135;1,50
animados z sem recheio ao leite;7891152800517;4,20
animados z wafer morango p;7891152340235;1,50
animadozoo quad chocolat p;7891152800128;1,35
antiferrugem;7898693151412;9,50
apti mistura de bolo;7896327501398;7,50
arroizina;7891150068285;5,50
Arroz  Parboilizado Achei;7898907120272;3,30
arroz achei branc;7898907120258;3,30
Arroz emoções  parboilizado;7896012300213;4,30
arroz emoções branc;7896012300916;4,40
arroz namorado branco;7896079431110;3,90
Arroz namorado parboilizado;7896079441119;3,90
assim 400g;3955414452648;4,00
ASSIM sabão em po  G;7908324402742;18,00
ASSIM sabão em po M;7908324402711;7,50
assim tira manchas barra;7908324403053;7,00
asssim 800g;7908324402704;7,50
atum lata gom ralad natural;7891167011779;7,50
atum lata gom ralado defumado;7891167012103;7,50
atum lata ralad c molho d tomate;7898943163073;7,50
atum pate c azeitona;7891167831667;9,00
atum pate natural;7891167831650;9,00
atum ralado ao natural;7898943163066;7,50
atum ralado em oleo;7898943163059;7,50
aveia flocos fino yoki;7891095028337;4,50
aveia flocos yoki;7891095028344;4,50
aveia quaker flocos;7892840815752;4,80
aveia quaker flocos finos;7892840815769;4,80
azeite d dende;7896369611093;6,00
azeite galo extra virge de 250ml;5601252102433;28,00
azeite galo extra virgem 500ml;5601252231164;48,00
azeite galo lata verm;5601252231058;24,00
azeite galo vermelh 250ml;5601252106288;28,00
azeite galo vermelho 500ml;5601252106103;48,00
azeite oliveira;7896036098325;17,00
azeitona tamb 160g;7896945403456;3,80
bacon kg;5412678827943;33,00
bala minty;7896451900029;1,00
balao n 6,5;7896491440981;6,00
bambinho;7896053412005;5,00
banana;9382598499581;1,00
bandeid;786562501079;0,50
bandeja feijoada;7898914001083;7,00
bandeja maxixi;2972087114872;5,00
barbeador bic;070330729872;2,50
barbeador bic;070330729858;2,50
barbeador gillet;7500435154420;2,80
barbeador probak;7702018118823;2,30
barbecue 380g;7898366932928;10,00
Barla 140g;7896806700076;7,00
Barla 80g;7896806700069;5,00
barracha de panela de pressao;7898121194585;4,00
barrinha baudocu chocolate;7891962007366;2,50
barrinha bauduco goiaba;7891962003894;2,50
bat gut;7898403781014;7,00
bata ta yokitos;7891095023134;4,00
"batat palha rupper&#x27;s";7898952172257;6,20
batata doce;4475385722711;5,00
batata inglesa kg;3816353329944;6,00
batata palito aurora 400g;7891164026240;6,50
batata rufles;7892840822972;4,00
batata yoki;7891095031696;8,80
batata yokito salsa;7891095023141;4,00
bate gut issis;7898034920103;6,50
batgut betania;7898403780451;7,00
baton ao leite ao leite;78912359;1,60
baton bran uni;78912366;1,60
baton branco;7891008331028;44,00
baton garoto ao leite;7891008367027;1,60
baton garoto recheio ao leite;7891008239553;44,00
baton uni;78930230;1,60
baygon eucalipt;7894650004227;14,00
beijinho bom da festa;7897259401466;8,80
berinjela;1384075268237;7,00
betania integral;7898403782387;6,20
betania morag 900g;2859403120659;13,00
beterraba ver;8393450918301;7,00
biacoito sol churrasco;7896005217498;3,30
bic bauducco ao leite;7891962056500;7,20
bic cocktail;7891152121032;4,80
bic erica cebolinha;7898079560043;6,50
bic erica esp alho;7898079560111;7,00
bicamada betania 150g;7898403781632;3,90
bics richesrt triplo;7891152801965;2,70
bife;7156774566952;35,00
bife de file temperado;7898249772610;20,00
bis;7622210575975;6,90
bis amanteigado erika pote;7898079560371;3,60
bis amori;7891152801217;6,00
bis do sertao;609963315543;5,80
bis fort petti;7891152321517;6,00
bis fort sortido;7891152321296;5,70
bisc cookies chocolate;7891962054476;3,00
bisc coquinho;7897624110436;4,80
bisc de leite fortal;7891152802382;7,50
bisc erica esp cebolinha;7898079560203;7,00
bisc erica esp manteiga;7898079560289;7,00
bisc ericaamantegad;7898079560012;6,50
bisc estrel coco;7896264601403;4,80
bisc fort coco;7891152321326;5,70
bisc fort leit;7891152321319;5,70
bisc maiz chocolate;7891152801477;7,30
bisc maizen leite;7891152801484;7,30
bisc maria chocolat;7891152801590;7,30
bisc maria tradicio;7891152801583;7,30
bisc nesfit cacau;7891000304556;4,50
bisc nesfit morango;7891000304594;4,50
bisc piraq malt  black;7896024761811;4,50
bisc piraq maltad;7896024760289;4,50
BISC RENATA COCO;7896022204631;7,50
bisc richesrt floresta neg;7891152801828;2,70
bisc richesrt limao;7891152801972;2,70
bisc richesrt pipoca;7891152802597;2,70
bisc. renata chocolate;7896022204624;7,50
bisc. renata leite;7896022204648;7,50
biscoito sol cebola com salsa;7896005217504;3,30
biscoito sol presunto;7896005217467;3,30
bisct richesrt chocolate;7891152801781;2,70
black e white;50196081;63,00
bloquinho de doc de leit;7891900763620;6,50
bohemia;7891991006088;4,00
bolacha acebolada;7898902394296;5,50
bolacha cracke eika;7898079560159;6,50
bolacha integ erika;7898079560173;6,50
bolacha papel água e sal;1010400002879;6,00
bolachita;7896264601434;4,80
bolinh animados morango;7891152342031;2,00
bolinho anim ad baunilha;7891152342017;2,00
bolinho animad brigadeiro;7891152342123;2,00
bolinho animados chocolate;7891152342116;2,00
bolinho bauducco baunilha 40 g;7891962067346;2,50
bolinho pauducco chocolate 40g;7891962000725;2,50
bolo caseiro;7201826827526;10,00
bolo padaria;8602098184987;9,00
bolo renopan;7898902394463;9,00
bomb amori carioc;7891330016068;12,00
bombom  sortidos;7897156101575;9,50
bombril;7891022868036;2,50
BOMBRIL ASSOLAN;7896090100101;2,50
bordon fiambre;7896031225085;9,00
borrifador de 500;974297439099;7,00
brahma uni;7891991295314;6,00
brigadeiro bom da festa;7897259401442;8,80
brigadeiro bom da festa 385;7897259401480;8,80
brilhante 400g;7891150066618;6,30
brilhante liq;7891150086968;10,00
brilhante po 400g;7891150086586;6,30
brilhante sabão po G;7891150086401;23,00
brilux;7896013105657;3,50
brinq special;7892023242634;12,00
brinq tools;7899605724267;13,00
brinquedo carro fricçao;7899958245747;12,00
brinquedo maluco;7899958246270;10,00
brinquedo special;7892023242696;12,00
brinquedo trem;7892024246730;10,00
bucha vegetal;7898032680153;6,00
budweiser fd;252555552222222;135,00
budweiser lata;7891991296342;56,00
cachaça 51;7896002110921;20,00
cachaça sagatiba;7896010000016;37,00
cachaça serrana;203854123;23,00
caderneta p;7898572600109;1,00
caderno p;7898572600017;2,00
cafe com leite 20g;7896005807521;2,00
café kimimo 250g;7896224817189;15,50
café marata;7898286200039;16,00
café pilão descafeinado;7896089012118;30,00
café pilão tradic 250g;7896089012637;17,00
café puro 250g;7898286200510;15,00
café puro 40g;7896089006056;15,00
café sant clara 100g;7896224803069;7,50
café supremo 250g;619205429198;10,50
café união;7891910030453;15,50
caixa bombom garoto;7891008116632;14,00
calabresa;25632563256;29,00
calabresa gostosinha;7898249771293;9,50
caldo de galinha 114g;7891000251539;3,20
caldo kitano 1kg;7891095014699;16,00
camarao kg;36363985;43,00
campari;7896010006315;60,00
canela po;793573980939;2,70
canudinho rainha;7898246080299;7,00
cappuchino;7896005802397;2,50
carn de lata bordon;7896031230386;9,00
carn de lata oderich;7896041104011;7,50
carne do sol;858585858585;37,00
carne do sol desfiada;7890254838169;35,00
carne moida;7898249772979;7,00
carne moida 500g;141414141414;16,00
castanha 25g;070341651384;2,00
castanha natural de 500g;000232255;29,00
catchup tamb 380g;7896945402060;5,70
catchup tamb 830g;7896945400813;11,50
cebola kg;8956235698;4,00
cenora ver;986587459;7,00
cenoura;777777777777;7,00
cereal ball 80g;7896072641585;7,00
cereal ball black e whate 500g;7896497200909;24,00
cereal ball branco 300g;7896497209360;18,00
cereal ball mesclado;7896072641554;29,00
cereal kit kat sache;7891000396919;6,00
cereal kitkat cx;7891000394939;12,00
cereal nescal 120g sache;7891000070673;6,00
cereser sidra 660 ml;7896072911145;21,00
cerveja sol fd;12455557555;35,00
cevada;7896024801104;11,50
cha fatorre active cachos;7898932947172;25,00
cha fatorre cachos;7898752300751;25,00
cha fatorre consttruçao;7898932946342;25,00
cha fatorre effect;7898926495337;25,00
cha leao;7891098000415;4,70
cha misto maça e canela;7896722501115;4,70
cha misto mel,mara,cidreira;7896045000555;4,70
cha real maçã e canela;7896045077809;4,70
cha verde;7896045000036;4,70
chambinho choc;7891000110430;11,00
chandelle duo;7891000396452;6,50
chanty mix;7896096007688;25,00
cheddar  r minas;7896825400223;16,00
cheetos fd;125555555555555;12,00
cheetus;7892840814991;1,50
cheiro verde;12312546325;2,00
chia 100g;070341120699;6,00
chimichurri s pimenta;7898917576908;3,50
chivas regal;080432400432;125,00
chococandy 500g;7896058591989;16,00
chocolat dona jura flocos;7896497202385;17,00
chocolate barra 80g;7891008123975;7,50
chocolate betanea 200ml;7898403780499;2,00
chocolate meio amargo;7891008124026;7,50
chocolatto 200g;7896224803106;6,50
chuchu;7899999987;1,50
cif;7891150090804;13,00
cigarro klint;78947962;6,80
clear hidrataçao intensa;7891150008151;18,50
closeup carvao ativado;7891150103290;9,00
CLOSEUP FRESH;7891150063075;9,00
clousep ice;7891037744509;9,00
club social integral;7622300992293;6,20
club social recheado requeijao;7622210661661;6,20
club social recheado tomate;7622210661609;6,20
club sol cereal integral;7896005217740;5,90
club sol original;7896005217771;5,90
club sol queijo;7896005217788;5,90
clube social orig;7622300990701;6,20
coador de café;7891234567895;2,50
cobertura de sorvete chocolate;7896395100066;24,50
cobertura de sorvete morango;7898407506644;24,50
coca 2l;7894900027013;10,00
coca 2l fd;124555555555;59,00
coca cola 1,5;7894900011753;7,00
coca lata 350g;8888858885585;20,00
coca lata 350g;7894900010015;4,00
coca lata fd;122212121212;40,00
coca lata zero 350g;7894900700015;4,00
coca ls cx;45455545455555;54,00
coca pet 250ml;78912939;2,50
coca retornavel 2l;7894900027082;7,50
coca zero 250g;78909045;2,50
coca zero 2l;7894900701517;11,00
cocadao branco;7898953777024;6,70
cocadao preto;7898953777017;6,70
cocadao preto 2;7891575317548;6,70
coco ralado adoçado 50g;7896028030661;2,50
coco ralado original s açucar 100g;7898648022835;4,70
coe e tom 1;7896000705945;14,00
cola branca 90g;7898003768057;2,50
cola firmex 20g;7898535410080;7,00
colgate 180;7891024134610;7,70
colgate total 12;7793100111143;9,50
colgate total 12 activia;7509546702605;9,50
colgate total 12 fresh;7891024135310;9,50
colgate trip 90;7891024132005;4,20
colgate tripla 180;7891024132371;7,70
colgate tripla açao;7891024037973;7,70
colgatr mpa 50g;7891024132906;3,60
colher de plast;7898961922485;3,80
colonia aline paris chic;7897161326024;16,00
colonia dinno  lavanda 100;7898752300676;11,50
colonia paris  francesa;7897161326048;16,00
Colonia paris jardins de versalhes;7897161326055;16,00
colonia paris paris;7897161326017;16,00
colonia paris passion;7897161326031;16,00
colonia xero aconche;7898416830211;16,50
colonia xero arretada;7898416830198;16,50
colonia xero chamego;7898416830181;16,50
colonia xero dengo;7898416830228;6,50
colonia xero linda;7898416830204;16,50
colora tia nega 100g;7898157760143;2,00
coloral caseiro d500;7898425150669;6,00
coloral caseiro vitoria 100g;7898425150621;2,00
coloral kimimo 100;7896490288874;2,00
coloral vitoria de 1kg;7898425150652;11,50
cond aline babosa;7897161314076;11,50
cond aline kids abacate;7897161314014;11,50
cond aline kids oleo de coco;7897161314045;11,50
cond palmolive kids cacheado;7891024174685;20,00
cond palmolive kids t cabelo;7891024174630;20,00
cond seda babosa;7891150060722;9,80
cond seda extremo;7891150037632;9,80
cond seda hidrataç;7891150088504;9,80
cond seda liso;7891150037328;9,80
cond seda oleo;7891150037366;9,80
cond seda pretos;7891150037342;9,80
confei pop;7897077837027;30,00
conttonbaby com abas;7896227650158;3,30
cookies amoi;7891152801262;3,00
cookies bauducco;7891962054810;3,00
copo amazon;7891155076179;15,00
copo americano uni;14147774114;1,50
copo desct 150 ml;7898505142874;5,00
copo marat 150ml;7898287990106;5,00
copo marat 180ml;7898287990434;5,00
copo marata 180;7898287990113;4,50
copo pp ultra trans 180ml;7898339100385;5,00
coquerito coco;7896264601854;4,80
cor  e ton 4;7896000705976;14,00
cor e tom7.1;7896000706065;14,00
cor e ton 10;7896000706058;12,50
cor e ton 2;7896000706072;14,00
cor e ton 3;7896000705969;14,00
cor e ton 8;7896000706034;14,00
coraçao;33333333333;15,00
corante amarela;7898407506729;14,00
corda pra varal branc;7897369822861;2,00
corona uni;7891149108718;8,00
costela gado kg;6666566656555;25,00
cotonete line;7898095296018;2,00
cottonbaby noturn 8;7896227650127;5,00
coxa com sobrecoxa;7898249771477;14,00
cream cracker agua e sal;7891152801552;6,00
cream cracker integr;7891152802047;6,20
crem corp dourad potao;7898610078358;12,00
crem corpo dourad pistache;7898933676903;12,00
crem corpo dourd coco;7898610078372;12,00
crem crack richesrt;7891152801521;6,80
crem cracke fort legit;7891152801446;5,40
crem cracker bauducco 165g;7891962075235;4,30
crem pentear longo dos  sonhos;7899706170895;19,00
crem pentear pos quimica fattore;7898970559351;26,00
crem seda cachos;7891037000322;8,80
crem seda colageno;7891150080102;8,80
crem seda liso;7891037010048;8,80
creme corp dour argan;7898610078389;12,00
creme de leite betan 10 gordura;7898064011864;3,80
creme de leite betania 15 de gordura;7898403780925;3,80
creme de leite embare;7896259424116;2,70
creme de leite zero lactose;7898403782028;3,95
creme dent infant galin pintad;7891055538517;3,80
creme seda pretos;7898422745301;8,80
cremogema chocolate;7891150068278;5,60
cremogema morango;7891150068308;6,70
cremogema tradicional;7891150068261;4,70
cremogema tradicional;7891150071780;4,70
CREN D EVEN;7896013106968;2,50
cuo noodles costela;7891079013083;5,00
cup noodles;7891079013038;5,00
cup noodles queijo nacho;7891079013984;5,00
cuzcus coringa;7896481130229;2,00
damare 200g;7898994026914;2,70
danone betakids;7898403781052;8,00
danone betania kids;7898403782721;8,00
danone betania popular;7898403780574;5,50
danone unid betania kid;123333332222111;1,50
delicia  250g margarina;7894904271535;4,00
delicinha;7897624110344;4,80
delicitos churrasco;7898211130356;2,00
delicitos pizz;7898211130363;2,00
delicitos queij;7898211130370;2,00
delrio 1l;7898213970264;4,50
delrio 250ml  cola;7898213971025;2,00
delrio abacaxi 2l;7898213970943;6,50
des brilho pratico;7898943124173;3,00
des dove fresh care;7891150063747;14,50
DES. brilho prático  floral;7898943124104;3,00
desc po marcia  camomil;7896221802232;4,50
descol po marcia ametista;7896221808128;4,50
desd rexona active;7791293022598;13,80
desinf urca flor 2lt;7896056401549;7,00
desinf urca lavanda 2lt;7896056405684;7,00
DESINF URCA PINHO;7896056401044;7,00
desinfetanta juá floral;7898123120223;3,40
desinfetante juá lavanda;7898123120247;3,40
desinfetante juá limão;7898123120476;3,40
DESOD DOVE ORIGINA;7506306241183;14,50
DESOD MONANGE LAVAND;7891350034622;9,00
DESOD NIVIA IMPACT;7791969016029;13,80
DESOD REXONA AEROSOL ANTEBAC;7791293025537;13,80
desood rexona men care;7791293012087;13,80
deterg coco;7896098900239;2,80
deterg limpol CRISTAL;7891022100372;2,40
deterg limpol maçã;7891022639001;2,40
deterg limpol neutro;7891022638004;2,40
deterg ypê clear;7896098900253;2,80
detergente capim limao;7896098902042;2,80
detergente de maça;7896098900215;2,80
detergente ypê clear care;7896098900277;2,80
DETERGENTE YPÊ LIMÃO;7896098900222;2,80
detergente YPÊ neutro;7896098900208;2,80
dingoos;7898172661777;25,00
dinossauro maluco;7899958246157;10,00
doce camponesa barra;7896259412090;8,00
doce d goiaba barra 300g;7898111861008;3,50
doce d leite barr 200g;736532097989;3,50
doce de leite camponesa pote;7896259412212;10,00
dona maria com ferment fard 10;66554879;44,00
dona maria S\F;7896248500012;4,40
doritos;7892840822408;4,99
doritos queijo nacho;7892840822385;5,00
DOVE ROLO ORIGIN;75062835;23,00
downy brisa intenso;7500435201292;12,00
downy concentrado;7500435243612;12,00
downy frescor da primavera;7506195143872;12,00
downy lirios do campop;7506195143858;12,00
dreher;7896010006360;23,00
dueto oderich lata;7896041160109;4,00
dueto prediletcta;7896292358072;3,70
dueto sache fug;7897517209643;3,80
els glycolic gloss;7908615059983;19,00
elseve longos dos sonhos mascara;7899706170918;30,00
empanado nobre;7891164138370;2,00
empanado perdigao;7891515474126;2,30
ENCHAGUANT BUC;7509546679525;14,00
ENXAGUANT BUC FRESH;7891024136409;14,00
ervas  medicinais;9658969999999;1,00
ervilha l predileta;7896292340541;4,00
esc cab escobel redonda nice;7898923148601;10,00
esc cab grampos anamaria;7897281200778;15,00
esc cab s clara;7897169262515;18,00
ESC DE DENT INFANT;7899958209992;2,00
escova de cab rica oval blue;7897517909222;15,00
escova de dent goal m;7899958229631;2,00
escova de dent goal media;7899958216426;2,00
escova de dent oral b;7500435134415;3,80
escova de dente colgate;7891024024386;3,90
escova de ulha;7898920552203;2,50
escova dent goal;7899958249493;2,00
escova sanitaria;7896808100201;6,50
escovão de madeira;7891055111604;2,80
escovão de plastc;7894642900025;2,80
escureto;7891152801842;2,70
escureto cookes 40g;7891152800197;2,00
esfoliant corpo dourad uva 150g;7908972500180;10,00
esmalte;630941903544;3,00
espetos de bambu;7898946757576;3,50
esponja bombril;7891022100976;2,00
esponja brilhus;7896001004511;1,00
esponja de aço;7898032680894;2,50
esponja de aço;7898684178091;2,50
esponja de aco inox;7899561900576;2,50
esponja protetora;7897750778944;2,00
esponja x4;78977507825763;3,50
esqueiro 150f;6924971300546;3,50
esqureiro  bic;070330909229;4,80
estençao 5m;0000035202;17,00
estenção cabo reforçado 5m;0000352025;25,00
extensao reforçada 5m;88888888888888;30,00
extrato de alho temp d casa;7898295750037;4,30
extrato de tomate;7908235000297;2,30
extrato de tomate pomodoro;7896036001431;3,00
FACA COLORIDA;7898505859826;17,00
faca idea N 8;7898505850106;21,00
faca yunbai;6926168500098;18,00
fanta 250ml;78909052;2,50
fanta 250ml fd;12546665656;26,00
fanta 2l fd;25489999898;49,00
fanta laran 250ml;78912922;2,50
fanta laranja 2l;7894900031515;8,50
farin. dena maria C\F;7896248500029;4,70
farinha amarela realeza;7898904644207;4,80
farinha dagua;963214785;6,00
farinha de beterraba 100g;042882920991;5,00
farinha de trig finna;7896090082056;5,00
farinha de trigo fina c\f;7896090082070;5,50
farinha ivana;7898994336556;5,00
farinha laáctea 160g;7891000369340;5,80
farinha lactea 200ml;7898403782370;2,50
farinha lactea 850g;7891000368725;23,00
farinha litro;455555777774;2,80
farinha lt;68695478;2,80
farinha precioso;7898926342020;5,00
farinha realeza;7898904644306;5,00
farinha yoki;7891095028351;4,50
farofa mencucimi bacon;7898959688249;8,50
farofa yoki;7891095911486;8,80
fazendinha ao leite;7896061300271;2,90
feijao 4;7845963215;4,00
feijao 5;95175382;5,00
feijao 6;852369147;6,00
feijão carioca;7898994336532;6,80
feijâo carioca dona dê;7898922012019;6,80
feijao de corda 6;659874359;6,00
feijao pret ivana;7898994336587;6,50
feijao verde;232555588888;7,50
feijoada bordon lt;7896031224583;10,00
fermento bio 10g;7891048040065;2,30
fermento royal;7622300119621;4,30
fermipan 500g;3516664010004;18,00
figado de gado;7411111253;16,00
file de frang lar;7896419728870;22,00
file de peito sadia;7893000482401;23,00
filezinho aurora pct 1g;7891164015459;21,00
filezinho perdigao;7891515614065;22,00
filtro melitta 102;7891021001885;5,00
filtro três corações;7896005803721;5,80
fini beijo;7898591450662;1,30
fini tubes;7908228801672;2,50
finna mistura para bolo laranja;7896090083107;7,50
FIO DENT HILLO;7896444210623;4,90
fita isolante;7898639687401;2,00
floc parceria;7898926342808;1,80
floc. dona clara;7896490288775;2,30
floral papel higiênico;7896006400035;3,80
forma de beij ama;897119592648;2,50
forma de beij v;897307401622;2,50
forma de biej  b;7897119592617;2,50
formas descartáveis;7898684174062;13,00
fósforo argos;7898905100054;3,50
fósforo gaboardi;7896279200103;3,50
frango desfiado;7894693852052;23,00
frango kg;144444444522;12,00
frauda hipopó M;7899700802136;29,00
frauda mili G;7896104991787;40,00
freegells menta 27,9g;7891151039796;1,50
frevo guarana 2l;7897568600048;4,50
frisco abacaxi;7896045112098;1,30
frisco limão;7896045112128;1,30
frisco salada;7896045112418;1,20
frisco uva;7896045112104;1,20
frut shoot;7896000597250;1,50
fumo amelia;7898237100036;4,00
garfo de plast;7898634580370;4,00
garrafinha issis 170;7898034920172;3,00
gel d cabelo sem alc;7897161347043;7,00
gel fixador aline;7897161347012;7,00
gel fixador aline 2;7897161347029;7,00
gel fixador aline 3;7897161347036;7,00
gel fixador aline 5;7897161347050;7,00
gelatina apti franboesa;7896327516163;2,50
gelatina apti maracujá;7896327516187;2,50
gelatina banana;7891151040440;1,00
gelatina dente 15g;7891151040525;1,00
gelatina dr oetker maracuja;7891048050651;2,50
gelatina incolor;7896327511472;7,00
gelatina tuti-fruti;7896327516170;2,50
geleia bom princ goiaba;7897500602543;17,00
geleia bom princip amora;7897500607081;17,00
geleia bom principio;7897500600174;17,00
geleia de mocotó ello;7898953406313;4,40
geleia de mocoto morango;7898953406627;3,90
geleia de mocotó natural;7898394321053;5,50
geleia ducopo;7898394321220;15,00
geleia princip frutas vermelhas;7897500600167;17,00
gelinho;7898956846017;0,35
gelinho fd;7898956846024;12,00
gerimum;777888999;5,00
gerimun;11111111111;5,00
gillete 3lamina;7500435154772;3,80
glade  infancia;7894650014448;18,00
glade lavanda;7894650013861;18,00
go jelly;245789652;3,50
goiaba;14777777777;7,00
goma amafil;7896035941042;5,70
goma mana;7439002640915;6,00
goma molhad d 500g;7898113940305;3,30
goma molhad parceria;7898947188584;5,70
gomas simo 500g;7897652605867;8,00
gotinha;7898943754813;5,00
granola tia iza 300;7898388825604;7,50
granola vegana;7898968331389;7,50
granulado amarelo 120g;7896072646610;4,50
granulado chocolate;7898094760770;4,00
granulado crocante colorido;7896072697056;6,60
guardanapo girassol 120 UND;7898457140218;1,50
Guardanapo girassol 50 UND;7898457140171;1,50
halls extra forte;78938816;1,50
hamburgue texa;7894904500383;1,50
havaiana brassil;7895265145312;40,00
havaiana cinza;7909989912744;30,00
havaiana infantil;7909989775455;38,00
havaiana slim;7909989492956;38,00
hebissimo original;7896047522512;5,00
heineken uni;78936683;8,00
heininken fard;7896045505371;38,00
helmans 250g;7894000050027;8,00
Herbissimo bio protect;7896049525726;5,00
Herbissimo fresh;7896049528604;5,00
Herbissimo neutro;7896049528505;5,00
Herbissimo tradicional;7896049528512;5,00
Herbissimo vanilla;7896049528574;5,00
hid fattore  bau e pessego;7898752300898;14,50
hid fattore rosa mos e amora;7898752300911;14,50
hid monange amendoas;7896235354055;10,00
hid monange aveia;7898919412341;10,00
hid monange frutas;7898919412334;10,00
hid monange lavanda;7898919412327;10,00
hid monange oliva;7898919412372;10,00
hid mor e melancia;7898752300904;14,50
HID PAIXÃO AVELÃ;7896235354062;10,00
hid paixão flor de lis;78914957;10,00
hid paixão rosas b;78907850;10,00
hot mexicano;7891079011478;2,30
hot wings;7898249772177;16,00
icekiss morango;7896286604253;1,30
iogurt 900g;7898403780659;13,00
iogurte betania 170g;7898403780949;3,00
iogurte natural betania;7898403780680;3,90
iogurte natural desnatado;7897469400150;3,80
isinho zero lactose;7898034922947;9,00
isis garrafinha banana maça;7898034920073;3,00
itaguary branco;7898365320030;4,00
itaguary parboilizado;7898365320016;3,30
italac chocky;7898080640963;15,00
italakinho morango;7898080642844;2,00
itambe desnatado zero;7896051131069;8,50
itambé integral 1k;7896051130154;36,00
itambe zero lactose;7896051128441;20,00
itambe zero lactose  desnatadosache 500g;7896051168638;20,00
jujuba;7896058506105;1,00
jujuba gomets cx;7896058516098;21,00
junco beijinho;7896523158334;12,50
kapo morango;7894900583700;2,50
kapo uva;7894900593709;2,40
kapo uva cx;7894900593716;27,50
ketchup bisn oderic;7896041172508;4,00
ketchup d+;7898612500017;15,00
ketchup palmeiron 370g;7898366932577;7,00
ketchup sache oderi;7896041172591;3,30
kimimo 40g;7896045112975;6,00
kinor de carne 19g;7891000242452;1,00
kinor de carne d 114g;7891000251515;3,50
kinor de galinh 19 g;7891000242483;1,00
kinor de galinh 57g;7891000250174;2,00
kit animal;7899605711878;8,00
kit animal  x10;7899605733528;10,00
kit banho d lua yasmin;7898973397486;6,00
kit banho de lua d zizi;4588888888881;6,00
kit carros;7908752909080;10,00
kit carros police;7908752909097;10,00
KIT COLHER  C12;7908629701724;15,00
kit cozinha;7899958223752;8,00
kit cozinha 1;7897070230283;8,00
kit dinossauro;7899605718877;8,00
kit dove;7891150097643;31,00
kit dove reconstrução;7891150103771;31,00
kit elseve pure;7908615017211;31,00
kit elseve sonho;7908785476825;31,00
kit fattor blindagem dos fios;7898914365512;45,00
kit fattore oleo de rosa mosqueta;7898914365505;45,00
kit feijoada RN;7898914001069;7,00
kit ferramentas;7898505884712;18,00
KIT GARFO;7908629706422;15,00
kit manicure;55654565456444;10,00
kit niely gold;7896000713186;20,00
kit pantene;7500435128353;31,00
kit skala;7897042016419;25,00
kit talala roxo;7896115700316;28,00
kit tralala amarelo;7896115700293;28,00
kit tralala azul;7896115703751;28,00
kit tralala vegano;7896115702860;28,00
kitano sopão carn;7891095003945;8,50
kitkat;7891000248768;4,00
klint vermelho;78939769;6,80
kolene 300 ml;7891176113044;10,30
kolene 500 ml;7891176113068;16,00
kuat 250ml;78912946;2,50
lamem carne;7891152800869;1,80
lamem galinhaa;7891152800876;1,80
lamen galinha;7891152800883;1,80
lâmpada avant;7899452032119;7,00
lanche;44444444444;10,00
laranja;159951159;6,00
lasanha m pronta galo;7896022203870;7,00
lava roupa juá;7898123120728;11,00
lava roupa juá 2litros;7898123120735;17,50
lavanda dinno baby 200ml;7898752300713;19,00
Lavanda flora;7896017710048;9,00
lazanha estrel;7896264601410;10,00
led decorativo;7403015220198;15,00
leite betânia;7898403782929;29,00
leite betania de 200g;7898403780918;6,70
leite betania desnatado;7898403782394;6,20
leite betania zero lactose;7898403782011;6,20
leite coco  500ml;7893590813722;6,00
leite coco 200ml;7893590813739;2,50
leite colonia;7896235353263;5,50
leite condensado betania 395g;7898403781298;6,40
leite condensado embaré;7896259423560;4,60
leite condensado mococa;7891030300207;4,60
leite condesado triangulo;7896434920778;4,60
leite de coco de pastico;7898677310002;2,30
leite de coco vidro;7898406760717;3,70
Leite de colonia tempo de amar;7896235353287;5,50
Leite de rosas 100ml;7896806700021;3,80
Leite de rosas 60ml;7896806700014;2,80
leite fermentado trad;7898403782714;1,60
leite itambe de 200g;7896051130055;6,90
leite ninho liq caixa;7898215157403;8,30
leite profissio 1k;7896051134343;30,00
leite todo dia;7896051168737;30,00
lenço umedecido cottonbaby;7896227672044;8,00
limão;456665456;1,00
limon pepper;7898917576779;3,50
limoneto;7892840812850;5,00
limp vidro vidrex;7891035800207;13,00
limpol d limao;7891022637007;2,40
limpol perf flowers;7891022860856;5,30
limpol perf jardin;7891022860863;5,30
limpol perf lavanda;7891022860870;5,30
limpol perf luxury;7891022867794;5,30
limpol perf passion;7891022860887;5,30
lin mista chamichurri;7898249773396;18,00
linea adoçante;7896001210097;7,00
linguiça;222222222222;21,00
linguiça calab seara;23154678;29,00
linguiça kg;123321123211;21,00
linguiça mista gostosinha700g;7898249772962;10,50
linquiça;25896565444;21,00
lipy cebola 30g;7898083240320;1,00
lipy queijo;7898083240351;0,90
lixa de pedicure;7898994141099;5,00
lixa pe;3333333333333;3,00
lustra mov;7896050500460;5,80
mac bom sabor;7898230897667;2,90
mac coracao nordetin;602883656642;2,50
mac danado d bom;602883656703;2,50
mac fortaleza;7891152802078;4,00
mac gostoso;7896264670942;3,40
mac parafuso fortal;7891152802153;4,90
mac richester;7891152802122;4,30
MAC. búizo fortal;7891152802184;4,90
mac. ninho estre;7896264671031;4,90
mac. parafuso coraç nordest;602883656680;4,50
mac. petybom;7897721411887;13,00
maçã;4566544582;12,00
maça fruta;12544445222154;12,00
macarra argola;7891152802177;4,90
maionese bisn oderic;7896041190014;4,00
maionese bucantin 200g;7898904591839;2,70
maionese d+;7898612500123;19,00
maionese hellmans 335ml;7891150027800;10,50
maionese hellmans sache d 200g;7894000030470;5,30
maionese oderic sache 200g;7896041190274;3,00
maionese temperada buc;7898904591563;8,50
maizena;7891150055070;4,50
maizena;7894000010014;4,20
maizenaq tradicional;7891152801507;7,30
mamao;12555522222225555;5,00
mandiervas chá misto noite;7896722501078;4,70
manga kg;789999987;7,00
marg primor 250g;7894904271733;3,30
marg puro sabor 250g;7891152501537;3,30
marg puro sabor 500g;7891152501544;6,00
marga delicia 500g;7894904271528;8,50
marga primor de 500g;7894904271726;6,50
marga puro sabor 1kg;7891152501551;12,00
marga qualy 250;7893000394117;5,60
marga qualy de 500g;7893000394209;11,00
margarina becel 250g;7891515555269;5,60
margarina becel 500g;7891515555337;11,00
maria maluca;742832412148;6,00
mas cachos 500g;7898752300775;30,00
masanha g fortaleza;7891152333084;10,00
masc  fattore restauraçao;7898970559382;26,00
masc activ cachos;7898932947219;30,00
masc fattore 12 e 1;7898932946373;26,00
masc fattore effect;7898926495504;26,00
masc fattore neutro;7898932947332;26,00
masc fattorre;7898752300973;26,00
mascara elseve liso do sonho;7908785461456;30,00
mascara fattore pos quimica;7898970559344;26,00
mascare elseve glycolic;7908615053110;30,00
massa de lasanha pronta;7891152334081;7,00
massas belas pastel;7898963979012;7,00
mat inset;7897664170742;15,00
mat inset aquatec;7897664170766;15,00
meiota;630941376218;3,50
melancia frut;25333225553333;5,00
merce fininha;7898249772665;7,00
merci calabresa 360g;7898249770883;12,00
merci churrasco;7898249771743;15,00
meu lar floral;7898057830168;3,30
meu lar nature;7898057830199;3,30
meu lar oceanic;7898057830182;3,30
milho de pipoca;7891095911356;3,50
milho lata pred;7896292340503;4,00
milho litro;147852963;2,00
milho verd lata fug180g;7897517209391;4,00
milho verd sache pred;7896292341098;3,80
milhode mucunza ita;7898365321259;2,50
mili  c 16;7896104993880;9,50
mimmo;7898962794142;6,50
mini cracker fort;7891152321302;5,70
mini pizza mussarela;7898375820179;8,00
mini rainha craquer;7898246080381;4,30
mini rainha leite;7898246080350;4,30
mini rainha maizen;7898246080367;4,30
mistura praq bolo;7896090083084;7,50
mocoquinha;7891030003016;2,00
molho branco pred 240g;7896292309517;7,50
molho d tomat pompdoro;7896036098981;2,90
molho de leite 270ml;7896524865101;5,00
molho de tomat pred 300g;7896292333000;2,40
molho de tomate tarantela;7896036099544;3,00
molho gota 150ml;7898286190316;3,50
molho gourmet;7816940638967;10,00
molho ingles reg 150ml;7896108300417;3,30
molho ingles temp d casa 150ml;7898295750051;3,30
molho madeira marat 300g;7898286191467;6,00
molho shoyo temp d casa 150ml;7898295750181;3,30
molho shoyu tambau 750 ml;7896945401704;14,50
Mon bijou;7891022867374;12,00
monange detox fresh;7896235353904;9,00
monange oliva;7891350034646;9,00
monbiju misterio;7891022860986;12,00
monster energy;070847022015;10,00
montila cristal;7891050004406;27,00
morango bandeja;69854736;10,00
morango fruta;458965855555;10,00
mortadela;5113568687202;11,50
mortadela;36987412369;11,50
mortadela 200g;7898249771354;2,00
mortadela de frango;7898249771385;2,00
mortadela de frango;7898249771392;11,00
mortadela defumada;555555555552;23,00
mortadela gostosinha 1kg;7898249771361;11,00
mortadela sadia 400g;7891515431938;4,00
mostarda amarela bonare;7899659900501;8,00
mostarda ruah 190g;7898380260427;5,50
mostarda tamb 180ml;7896945400769;6,50
mucilon  360g;7891000357170;10,30
mucilon 180g multicereais;7891000319505;4,00
mucilon arroz 180g;7891000319628;5,30
mucilon arroz e aveia 180g;7891000368145;5,30
mucilon arroz e aveia 600g;7891000438107;18,00
mucilon d multicereais 180g;7891000368183;5,30
mucilon milho 180 g;7891000319581;5,30
mucilon multicereais 600g;7891000438466;18,00
my toffe;7891151035682;20,00
nafitalina sampa;7898032680061;2,00
NB feijão branc;7898929056023;7,00
nescafé extra forte;7891000307120;6,00
nescau 350g;7891000412855;10,50
nescau G 350g;7891000426210;10,50
nescau P 200g;7891000379585;6,30
nescau pronto;7891000359822;2,40
nescau pronto cx;125456663333;51,00
nescau pronto zero lact;7891000381113;3,00
neston sache d 210g;7891000098950;6,30
ninho fort  composto 750g;7891000342213;33,00
ninho instantanio 750 g;7891000393246;35,00
ninho integral 750g;7891000342176;33,00
ninho zero lac caixa;7898215157410;8,00
nissin carne;7891079000205;2,30
nissin galinha;7891079000229;2,30
nuggets;7893000949355;10,50
nutella G;7898024396529;42,00
nutella m;7898024394181;26,00
nutella p;7898024395232;12,00
O|leo de coco 100ml;7898744460845;7,00
old parr 12;5000281004020;135,00
oleo de algodao;7898914796316;12,00
oleo de banana;7897161360271;5,40
oleo de coco extra virg;070341051184;8,00
oleo de perob;7896050500255;10,50
Oleo de ricino;7898917757021;7,00
oleo paixao amendoas;7896235354024;12,00
oleo paixao avalan;7898919411917;12,00
oleo paixao inspiradora;7896235354017;12,00
oleo paixao negra;7896235354031;12,00
oleo singer;7896785450788;5,00
oleo siol d 500;7896248100816;6,50
oleo soya;7891107101621;9,30
OMO lavagem perfeita;7891150064522;8,00
Oreo;7622300830151;4,00
oreo selena gomez;7622202323614;4,00
ovo branco;123456789;18,00
ovo uni;323333333333333;0,90
ovo vermelho;78898878899;19,00
ovo vermelho meia ban;4575757533333;9,00
paçoca do amor;040232786334;6,00
paleta suina;9898989898989;22,00
palito de dente gaboardi;7896384518254;1,50
palito de dente paraná;7896080900001;1,50
palito de dente theoto;7891334150010;1,50
palmolive cabelus escuro;7891024158609;9,50
paneaço branco;7897172500116;4,00
panelaço parboilzdo;7897172500208;4,00
panetone bauducco mms;7891962057668;13,00
panetone renopan;7898225610394;13,00
panetone tommy;7891962018546;18,00
panettone mini bauducco;7891962072623;8,50
pantene cabelo longo;7500435169356;31,00
pao arabe;7898902394395;6,50
pao da casa;252525466;4,00
pao de forma s casca;7898902394333;9,50
pao de leite realpan;7898902394036;6,00
pao de mel bauducco 30g;7891962042725;2,00
pao gergelin;7898902394371;8,00
pao gipan;7898922263381;8,00
pao integra realpan;7898902394227;8,00
pao integral real pan;7898902394098;8,00
pao real pan 500g;7898902394272;7,00
pao realpan;7898902394012;6,00
pao renopan 400g;7898225610134;6,00
pao renopan hot;7898225610158;6,00
pao rot real pan;7898902394029;6,00
papel alumínio;7896300500868;5,50
papel aluminio g;7898964097135;7,50
papel familia 30m;7898969564212;6,50
papel familiar soft;7896914011934;11,50
papel filme  ultra;7899567002199;5,60
papel filme 15 metros;7898930535128;5,00
papel filme 30 metros;7898930535135;5,00
papel filme wyda;7898927947200;5,60
papel floral neutro;7896006412656;3,80
papel higieni pimpo prefumado;7898056270316;2,70
papel toalha skala;7896006413851;5,30
paprica defumada;070341120323;4,00
paprica doce 100g;070341120439;4,00
passas;123333323256;8,00
passatempo nstle;7891000051436;4,20
pasteis rainha;7898246080473;6,00
pedigre;147896321;13,00
pedigre kg;9989998889998;13,00
pedra san eucalip;7898032680122;2,00
pedra san lavanda;7898032680115;2,00
pedra sant frutt;7898032680146;2,00
pedra sant jasm;7898032680139;2,00
penino;14521455412;1,50
pepino;2588888888888;1,50
perfex multi;7893458394455;2,80
pergola vinho suave;7896855901417;33,00
peta da serra;7898914001526;2,30
pilha alcalina;7896009765148;18,00
pilha media;7896009765162;5,00
pilha p fd;7896009765421;5,00
pimenta de cheiro;254177777777777;1,00
pimenta em grao;7898351350157;4,00
pimentao;85225885225;1,50
pimentao uni;55555555555555;1,50
pimpo;7898056270200;2,70
pingo de ouro;751320291479;14,00
Pinho sol lavanda;7891024193051;7,50
pinho sol original;7891024194249;7,50
pipoca de microondas;7891095100729;5,70
pirulito;12345678910;1,00
pirulito pct;7896707341583;15,00
polid de aluminho;7898943124012;2,20
polidor de alumio;7898110850010;2,20
polpa ninho;7891000261026;10,00
porta escova;23325668988;2,50
power capuccino;7896045110667;8,70
prato des 15;7898505140450;1,80
prato descar uni;7899856985555;0,35
predilecta geleia de morango;7896292307490;30,00
prendedor madeira pega pega;7897288200023;2,00
prendedor plast.;7899767264540;2,00
PRENDEDOR PLASTIC. QUALINE;7898253481553;2,00
presunto;9857769529331;25,00
pringles 109g;7896004006406;11,00
protex liq aveia 250ml;7891024114216;17,00
puro sabor 3kg;7891152802726;30,00
qboa;7896083800018;3,50
queijo coalho fateado;147888888;33,00
queijo coalho peça;99999999999;31,00
Queijo Mussarela;8133772095911;42,00
queijo peça;4444444444;31,00
quinta do morgado;7896037913146;14,00
quinta real prata;7898925385172;3,50
raçao pinto kg;65849765;3,50
rainha pastel;7898246080046;7,70
rapadura p;15258996877;3,00
rapadura pret 400g;7897144000590;5,00
real pan zero lactose;7898902394319;6,00
rechead morang richesrt;7891152801798;2,70
recheado chocolate p;7891152801897;1,50
recheado m richesrt morango;7891152801873;2,00
recheado p escureto;7891152801910;1,40
recheado p norango;7891152801903;1,40
recheado rich m chocolate;7891152801866;2,00
recheado rich m escureto;7891152801880;2,00
recheio forneavel goiaba;7896395110683;18,00
red bull 250g;611269991000;10,00
red label;5000267013602;100,00
red wave 250g zero;7898213971209;4,00
refi 250g;7896445472549;2,00
refri 250ml lar;7896445472419;2,00
refri cola;7896445472617;5,00
refri fd;12588885858585;25,00
refri guarana250g;7896445472556;2,00
refri indaia guarana;7896445472600;5,00
refri laranja 2l;7896445472426;5,00
reparador aline queratina;7897161351033;7,00
Reparador de pontas coco  e karite;7897161351026;7,00
Reparador fattore  argan;7898970559672;7,00
repelent nutrie spray;7898639301604;12,00
repelent spray mais;7897161347753;13,00
repolho;258888852;8,00
requeijão  light sabor e vida;7897469400280;9,00
requeijao betania 200g;7898403780116;8,00
requeijão betânia light;7898403780291;9,00
requeijão isis zero lactose light;7898034923050;8,00
requeijao vale milk 400g;7898200380649;15,50
requeijão zero lactose light betânia;7898403782042;9,00
requeijaojangada;7897469400334;13,00
rexona bamboo;7791293032498;13,80
REXONA CLINICAL EXTRA;75076870;28,00
rexona power dry;7791293032436;13,80
Rexona rollon bamboo e aloe vera;75063559;6,00
rexona rolon power dry;78924239;6,00
rexona v8;7791293022567;13,80
rexona v830ml;78930841;6,00
rodo cristal;7896808100102;7,00
rosquinha estrela chocolat;7896264670997;4,90
rosquinha fortal chocolate;7891152801712;5,50
rosquinha fortal coco;7891152801729;5,50
rosquinha fot  leite;7891152801705;5,50
rum montila;7891050004307;27,00
"rupper&#x27;s bata frita risa sabor costela na bras";7898952172875;4,00
"rupper&#x27;s batata frita lisa costelinha com limão";7898952172219;4,00
sab alban  profunda;7908324404029;2,00
sab alban antibac;7897664171732;2,00
sab alban frut vermel;7908324404005;2,00
sab alban macadam;7897664171725;2,00
sab alban natureza;7908324404012;2,00
sab albany  amendoa;7897664171701;2,00
sab alma de flor;7891134001710;5,70
sab anti pulgas;7898195906091;2,50
SAB BARR JUA NEUT;7898123121466;10,50
sab barra uni;258888885555;2,80
sab barra ype;7896098905937;12,00
sab barra ypê NEUTRO;7896098905906;12,00
sab coco aguiar 200;7896388222003;2,60
sab d aroeira barra;7898744460012;2,60
SAB DE AROEIRA LIQ;7898744460142;3,60
sab dove antibac;7891150075382;5,50
sab dove karite;7891150019560;5,50
sab even;7896013107866;2,30
sab even algas;7896013107897;2,30
sab even erva doce;7896013107873;2,30
sab even karite;7896013107842;2,40
sab even mara cuj;7896013107934;2,40
sab even pitang;7896013107910;2,40
sab granado barra;7896512905420;5,90
sab granado calêndula;7896512959843;19,00
sab granado glicerina sache;7896512922373;19,00
sab granado lavanda;7896512922472;19,00
sab jhoson baby original;7891010032906;6,80
sab jhoson erva doce;7891010247454;6,80
sab jhoson roma;7891010247423;6,80
sab liq ala sach;7891150091016;9,00
sab liq ariel radiante;7500435141987;12,50
sab liq moang flor de lavanda;7896235353973;10,00
sab liq monange oliva;7896235353997;10,00
sab liq morango;7898351966501;3,60
sab omo liq;7891150086951;11,00
sab palmoliv rosas;7891024034804;3,70
sab palmolive aloe vera;7891024034767;3,00
sab phebo d rosa;7896512909787;5,70
sab pompom amend;7896094905641;6,50
sab pompom karite;7896094905634;6,50
sab protex;7891024035047;3,70
sab protex aveia;7891024034910;3,70
sab protex erva doce;7891024038819;3,70
sab vis nativa  coco;7898339464371;10,00
sab vis nativa pitanga;7898339464388;10,00
sab vis native;7898339464364;10,00
SAB YPE B ALOIV;7896098905968;12,00
sabão em barra juá;7898123121459;10,50
sabão em pó juá 1kg;7898123121039;8,50
SABÃO EM PÓ JUÁ 400g;7898123121442;3,80
sabao jua barra;654879239;2,40
sabao liq 5l;23323232333333;13,00
SABON LIQ CAMOMILA;7898744460210;3,60
sabone liuido;7898972781286;10,00
sabonet dove liq sach baunilha;7891150053236;15,00
SABONET INTIMO BABAB;7898751480386;6,00
sabonet liq aline neutro 1l;7897161390308;10,00
sabonet liq dinno glic 500ml;7898752300966;19,50
sabonet liq limpebem gold 1l;7898972781293;10,00
sabonet nivea karite;4006000172828;4,70
sabonet rexona antbac 250ml;7891150083097;7,50
sabonete jhoson sandalo;7891010247393;6,80
sabonete liq dinno glic cabeça 100ml;7898752300683;9,00
sabonete liq monange detox 240ml;7896235354000;10,00
sabonete protex nutri;7891024035139;3,70
saboneteira;7898179465262;2,40
sabont liq aline 1l erva doce;7897161390339;10,00
saçlsicha;741147741;10,00
saco lixo 100 litros;1265448523613;4,00
saco lixo 50 litros;1234561290122;4,00
saco lixo 60 litros;1265448523668;4,00
sad 88 ao oleo;7891167021440;4,70
sad 88 c molho;7891167021457;4,70
sal groso;7896113380213;2,00
sal milmares;703387018964;1,00
sal rosa 500g;070341120408;7,00
salsicha;3212525468;10,00
salsicha defumada;8555558555555;11,00
salt bis alho;7898079560326;2,80
salt bis cebola;7898079560302;2,80
salt bis manteiga;7898079560340;2,80
sant clara cappuchino;7896224800679;16,00
santa clara 40g;7896045112968;6,00
santa clara descafeinado 40g;7896045113309;11,50
sao geraldo 2l;7897240900107;10,00
sao geraldo lata 350g;7897240900077;4,00
sard gomes c oleo;7891167021013;6,00
sard palmeira c molho;7896117100367;4,70
sard ralada 88;7891167099685;4,70
sardinha 88 ralada;7891167099678;4,70
sardinha gomes molho de tomat;7891167021020;6,00
satna clara torrad 250g;7896224814126;17,00
sazon alho;7891132008698;4,50
sazon arroz;7891132000449;4,50
sazon de arroz;7891132000647;4,50
sazon de carne;7891132019281;4,50
sazon frango;7891132019274;4,50
sazon legumes;7891132019403;4,50
sazon massa;7891132019717;4,50
sazon salada;7891132019731;4,50
sbp mult;7891035618567;15,00
seda boom;7891150095915;15,00
seda boom maximo;7891150088375;15,00
seleta lata  280g;7896292343733;4,20
senador;7891134001819;5,70
SENSODINE 50G;7896009400049;12,50
sh c dourado argan;7898610077054;15,00
sh c dourado babosa;7898610077047;15,00
sh c dourado neutro;7898610070949;15,00
sh c dourado quimico trat;7898610070932;15,00
sha cães e gatos;7896648225423;5,00
sha clear ice;7891150007406;18,50
sha clear limpeza;7898422746216;18,50
sha corpo dourado jaborandi 1l;7898610070925;15,00
sha dinno glic n 500ml;7898752300690;12,00
sha dino glice neutro;7898752300652;9,00
sha fattore jabor;7898932946885;25,00
sha palmo boom;7891024034064;9,50
sha palmo cachos;7891024042311;9,50
sha palmo ceramidas;7891024174210;9,50
sha palmo detox;7891024042908;9,50
sha palmo lisos;7891024161913;9,50
sha palmo nutricao;7891024171639;9,50
sha palmolive kids cacheado;7891024174180;16,00
sha palmolive kids t dia;7891024174135;16,00
sha seda cachos;7891150037595;9,80
sha seda complex;7891150037458;9,80
sha seda glicol;7891150099845;9,80
sha seda glos;7891150037397;9,80
sha seda liso;7891150037519;9,80
sha seda oleo;7891150037540;9,80
sha seda pretos;7891150037526;9,80
sha seda reparaç;7891150101692;9,80
sha seda silk;7891150101616;9,80
shamp flora normais;7896017717115;7,80
shampoo flora cachos;7896017708304;9,00
skala abacate 1kg;7897042005048;12,00
skala ceramidas;7897042004904;12,00
SKALA DIVINO POTAO;7897042007226;12,00
skala glicolico 1kg;7897042016907;12,00
skala maracuja;7897042013227;12,00
SKALA MORANGO 1KG;7897042019328;12,00
skala uva 1kg;7897042019311;12,00
skol uni;4566654485552;4,00
so cacau 33%;040141906144;35,00
soda caustica;7898110850508;9,00
soda limonada;7891991014984;2,00
soja itaguari;7898365320443;4,80
sol hits;7896005217474;3,30
sonho magio 500 ml;7896013103585;3,50
sonho passa facil;7896013103127;3,50
sopão carn de panl;7891000097694;9,80
sopao carne  maggi;7891000582107;9,80
sopao kitano;7891095003884;8,50
sorriso 180;7891528038001;6,30
sorriso 90;7891528030142;3,90
sorriso 90 trip;7891528029498;3,90
sprit  250ml;78939738;2,50
stella fard com 6;7891991304887;38,00
stella uni;7891991304870;8,00
suc tang;7622210571816;1,30
suco caju pal;7898366932683;3,50
suco de uva gaucho;7897146101172;14,00
suco frisco goiaba;7896045112456;1,30
suco frisco maracuja;7896045112135;1,30
suco frisco morango;7896045112142;1,30
suco marata manga;7898617581400;1,00
suco marata salada de frutas;7898617581431;1,00
suco marata tangerina;7898617581448;1,00
suco rico;7898213970622;2,40
suco tang morango;7622210571724;1,30
suco tang uva;7622210571786;1,30
sucrilhos kelloggs;7896004009377;10,00
sucrilhos sache 110g;7896004007632;6,00
sukita 2l;7891149102808;8,00
tabolero;7898939941142;7,00
Talco flora nene;7896017721013;9,50
talharim bolonhesa;7891079000427;3,20
talharim carne c tomate;7891079000410;3,20
tampico 1,5l;095188870507;8,00
tampíco 330ml;095188873300;2,50
tampico caixa 200ml;095188877100;2,00
tangerina kg;987412587;10,00
tempeiro matuto c ervas;751320026484;3,00
tempero alho e sal;7898295750150;4,00
tempero caseiro parcer;7898947188713;3,90
tempero comp carne parceria;7898947188683;3,90
tempero completo;7898947188645;3,90
tempero edu guedes;7898917576090;3,00
tempero p frango;7898947188676;2,90
tempero tia nega;7898917577547;3,00
tixan  caixa 400g;7896098909737;8,00
tixan maciez;7896098909799;6,40
tixan YPÊ primavera 400g;7896098909720;6,40
toicim;4144444411111111;10,00
tomate kg;32112332123;8,00
tonico capilar  fattore;7898932946878;8,50
torrada bauducco 142g;7891962053196;8,20
tostadinha;7891152801514;5,00
trident;7895800304228;2,00
trixan primavera;7896098909782;6,40
tubinho color 15g;7891151043854;1,00
tucs bacon;7896061301339;2,70
tucs cebola;7896061302749;2,70
tucs original;7896061300677;2,70
UAU;7891242457010;6,00
ufo;7891079013847;7,50
urca em pasta;7896056402027;32,00
urca lavanda lava roupas;7896060401740;7,50
USUAL;7891172523632;11,50
uva passa seca;78911116200324;8,00
uva vitaoria;742832317863;8,00
vale real ouro;7898925385165;3,50
vale real prata;7898925385158;3,50
vanish branco 500ml;7891035040436;11,00
Vanish cores;7891035041006;11,00
vanish super barra;7891035040191;7,00
varal de aço;742832356770;4,00
vareta muriçoca;6253654852554;8,00
vassoura cristal;7896808100034;8,00
vassoura francis;7898938700795;16,00
vassoura francis;7898938700627;12,00
vassoura multiuso;7891055019658;7,50
vassoura nobre;751320913623;7,50
vassoura palha;56666565656666;2,50
veja azul;7891035800214;7,00
veja gold;7891035285172;7,00
veja perf flores;7891035249228;5,50
veja perf nilo;7891035002588;5,50
veja rosa;7891035285165;7,00
veja verde;7891035285158;7,00
vela perf tulipa;7891035000270;5,50
vela setimo dia;7896388242070;9,00
velas N 10;7896388200087;4,20
velas N 5;7896388241059;3,20
Verdura;1940279367499;7,00
vick;7501001246730;15,00
vinagre de alcool reg;7896108300103;1,80
vinagre de limao;7898295751072;3,00
vinagre de maça;7898295751089;3,00
vinagre de maça minhoto 500ml;7896013101055;6,00
vinho campestre;7898251890326;4,50
vinho sao bras;7898251890357;6,00
vinho sao francisco;7897146100755;5,30
vitamilho;7898366930016;2,00
vodka slova melancia;7898012862173;17,00
vodka slova raspadinha;7898012862050;17,00
vodka slova tridestilada;7898012860537;15,00
waffer chocolate amori;7891152801323;2,30
waffer de limão amori;7891152801354;2,30
waffer escureto amori;7891152801378;2,30
waffer morango amori;7891152801330;2,30
whey sabor  e vida;7897469400426;5,50
whiskas;3698741258;18,00
xerem kg;96548752;2,50
xilito asa branca 200g;606529889371;2,50
xilito fd;1452145555541;8,50
xilito yokito presunto;7891095023202;2,50
xilito yokito queijo;7891095023271;2,50
yokito assado de queijo;7891095023189;2,50
yokito requeijao;7891095023226;2,50
ype 2l inteso;7896098903001;12,00
ype barra lavanda;7896098905975;12,00
ypioca 150 anos;7896383730107;51,00
ypioca empalhada ouro;7896383700704;42,00
ypioca envelhecida;12599996369856;30,00
ypioca guarana;7896383730244;22,00
ypioca meiota ouro;7896383730206;12,00
ypioca meiota prata;7896383730213;10,00
ypioca ouro;7896383700681;20,00
ypioca prata norm;7896383730152;10,00
zero cal adoçante;7896094910904;7,00
zinebra;040141475473;11,00
